participant,operation,dataset,mean,median,q25,q75,min,max,failure,cpu,os
Aware+0002,create,Overall,465604.7763674129,444961,267936,612066.5,69142,1293976,0,Intel Xeon Gold 6140,CentOS Linux release 8.0.1905 (Core)
Aware+0002,create,Timing Sample: AZ,749174.1186666667,736026.5,658766.0000000001,824012,181519,1293976,0,Intel Xeon Gold 6140,CentOS Linux release 8.0.1905 (Core)
Aware+0002,create,Timing Sample: DHS 2,254501.86533333335,257766.5,242483.25,270285.25,108003,315005,0,Intel Xeon Gold 6140,CentOS Linux release 8.0.1905 (Core)
Aware+0002,create,Timing Sample: LA County,501788.0456666667,499138.5,464698.25,538316.25,69142,720890,0,Intel Xeon Gold 6140,CentOS Linux release 8.0.1905 (Core)
Aware+0002,create,Timing Sample: POE+BVA,294083.9826666667,275973.50000000006,259134.75,326013.00000000006,151227,499020.00000000006,0,Intel Xeon Gold 6140,CentOS Linux release 8.0.1905 (Core)
Aware+0002,create,Timing Sample: IARPA N2N,654406.8578578578,635601,532934,751223.9999999999,318342,1221152,0,Intel Xeon Gold 6140,CentOS Linux release 8.0.1905 (Core)
Aware+0002,compare,Overall,1804.7854133226324,1122,762.75,1600,108,35401,0,Intel Xeon Gold 6140,CentOS Linux release 8.0.1905 (Core)
Aware+0002,compare,Timing Sample: AZ,2536.4395000000004,1400.0000000000002,1202.75,1793.4999999999998,770,27560.000000000004,0,Intel Xeon Gold 6140,CentOS Linux release 8.0.1905 (Core)
Aware+0002,compare,Timing Sample: DHS 2,1064.713,833,387.75000000000006,1502.75,108,8964,0,Intel Xeon Gold 6140,CentOS Linux release 8.0.1905 (Core)
Aware+0002,compare,Timing Sample: LA County,1776.28,1034.5,874.5,1444.5,344,13153,0,Intel Xeon Gold 6140,CentOS Linux release 8.0.1905 (Core)
Aware+0002,compare,Timing Sample: POE+BVA,816.864,634,527,926,297,6124.000000000001,0,Intel Xeon Gold 6140,CentOS Linux release 8.0.1905 (Core)
Aware+0002,compare,Timing Sample: IARPA N2N,2846.294715447155,1361.5,1062,3176,435,35401,0,Intel Xeon Gold 6140,CentOS Linux release 8.0.1905 (Core)
dermalog+0004,create,Overall,362402.26875432796,321185,168105,512750,78879,1276408.0000000002,2,Intel Xeon Gold 6140,CentOS Linux release 8.0.1905 (Core)
dermalog+0004,create,Timing Sample: AZ,644543.1343333333,623908,543246.5,728019,230781,1276408.0000000002,0,Intel Xeon Gold 6140,CentOS Linux release 8.0.1905 (Core)
dermalog+0004,create,Timing Sample: DHS 2,164372.09133333334,161515,146605.75,179640.5,78879,317542.00000000006,0,Intel Xeon Gold 6140,CentOS Linux release 8.0.1905 (Core)
dermalog+0004,create,Timing Sample: LA County,388029.337891928,378824.5,339602.5,429713.75,190619,929382.0000000001,2,Intel Xeon Gold 6140,CentOS Linux release 8.0.1905 (Core)
dermalog+0004,create,Timing Sample: POE+BVA,180859.913,170213.5,149788,204634,100790,445098,0,Intel Xeon Gold 6140,CentOS Linux release 8.0.1905 (Core)
dermalog+0004,create,Timing Sample: IARPA N2N,578082.998998999,552318,435525.49999999994,691281,266031,1099062.0000000002,0,Intel Xeon Gold 6140,CentOS Linux release 8.0.1905 (Core)
dermalog+0004,compare,Overall,1526.3765048154094,1280,579,2234.25,7,6663,0,Intel Xeon Gold 6140,CentOS Linux release 8.0.1905 (Core)
dermalog+0004,compare,Timing Sample: AZ,2893.179,2825,2268.0000000000005,3449.25,12,6528.000000000001,0,Intel Xeon Gold 6140,CentOS Linux release 8.0.1905 (Core)
dermalog+0004,compare,Timing Sample: DHS 2,572.711,541,399,710,60,2283,0,Intel Xeon Gold 6140,CentOS Linux release 8.0.1905 (Core)
dermalog+0004,compare,Timing Sample: LA County,1680.2915,1590.5,1234.75,2027.7500000000002,7,5848,0,Intel Xeon Gold 6140,CentOS Linux release 8.0.1905 (Core)
dermalog+0004,compare,Timing Sample: POE+BVA,545.5665,487,344,678.25,57,2494,0,Intel Xeon Gold 6140,CentOS Linux release 8.0.1905 (Core)
dermalog+0004,compare,Timing Sample: IARPA N2N,1946.8622967479675,1827.5000000000002,1307.9999999999998,2449.75,98,6663,0,Intel Xeon Gold 6140,CentOS Linux release 8.0.1905 (Core)
dermalog+0007,create,Overall,366290.2888598045,344614.00000000006,161464,524860,52093,1438463,10,Intel Xeon Gold 6140,CentOS Linux release 8.2.2004 (Core)
dermalog+0007,create,Timing Sample: AZ,637306.7823333333,617290.9999999999,537166.9999999999,718361.25,206663,1438463,0,Intel Xeon Gold 6140,CentOS Linux release 8.2.2004 (Core)
dermalog+0007,create,Timing Sample: DHS 2,151962.41477272726,150780.50000000003,137171.25,164879.75,52093,364912.00000000006,8,Intel Xeon Gold 6140,CentOS Linux release 8.2.2004 (Core)
dermalog+0007,create,Timing Sample: LA County,425091.65210140095,416130.5,368879.49999999994,475167.5,151107,947722,2,Intel Xeon Gold 6140,CentOS Linux release 8.2.2004 (Core)
dermalog+0007,create,Timing Sample: POE+BVA,180431.88333333333,170452.5,151795.00000000003,201175.25,90573.00000000001,420822,0,Intel Xeon Gold 6140,CentOS Linux release 8.2.2004 (Core)
dermalog+0007,create,Timing Sample: IARPA N2N,576008.2552552553,554693,439996.5,681646.5000000001,258062,1116364,0,Intel Xeon Gold 6140,CentOS Linux release 8.2.2004 (Core)
dermalog+0007,compare,Overall,1955.7717696629213,1598,754,2739,73,14102,0,Intel Xeon Gold 6140,CentOS Linux release 8.2.2004 (Core)
dermalog+0007,compare,Timing Sample: AZ,3789.8425,3590.5,2868.0000000000005,4422.25,150,14102,0,Intel Xeon Gold 6140,CentOS Linux release 8.2.2004 (Core)
dermalog+0007,compare,Timing Sample: DHS 2,727.4605,692.0000000000001,549,868,73,2291,0,Intel Xeon Gold 6140,CentOS Linux release 8.2.2004 (Core)
dermalog+0007,compare,Timing Sample: LA County,2016.1465,1940.9999999999998,1529.0000000000002,2395.25,78,5136,0,Intel Xeon Gold 6140,CentOS Linux release 8.2.2004 (Core)
dermalog+0007,compare,Timing Sample: POE+BVA,738.8025,675,523,890,176,2877,0,Intel Xeon Gold 6140,CentOS Linux release 8.2.2004 (Core)
dermalog+0007,compare,Timing Sample: IARPA N2N,2515.563516260163,2274,1683.25,3022.7500000000005,304,12327,0,Intel Xeon Gold 6140,CentOS Linux release 8.2.2004 (Core)
dermalog+0008,create,Overall,263525.1140659121,256482.222,122588.6715,379118.4555,34533.198000000004,870861.507,12,Intel Xeon Gold 6254,Ubuntu 20.04.3 LTS
dermalog+0008,create,Timing Sample: AZ,443928.50139166665,435118.82550000004,377837.07325,505256.60825,116983.595,870861.507,0,Intel Xeon Gold 6254,Ubuntu 20.04.3 LTS
dermalog+0008,create,Timing Sample: DHS 2,115682.78085289201,117000.284,106893.495,126173.727,34533.198000000004,176977.579,9,Intel Xeon Gold 6254,Ubuntu 20.04.3 LTS
dermalog+0008,create,Timing Sample: LA County,326993.861224483,324003.89650000003,282826.7695,364032.23575,85498.821,518577.848,2,Intel Xeon Gold 6254,Ubuntu 20.04.3 LTS
dermalog+0008,create,Timing Sample: POE+BVA,131899.86685095032,125602.355,114373.31300000001,145254.4345,51692.303,267441.639,1,Intel Xeon Gold 6254,Ubuntu 20.04.3 LTS
dermalog+0008,create,Timing Sample: IARPA N2N,369081.7397707708,360199.255,287489.0425,436170.4655,163269.563,774078.1730000001,0,Intel Xeon Gold 6254,Ubuntu 20.04.3 LTS
dermalog+0008,compare,Overall,2179.4127612359553,1773.113,880.4755,2945.89275,19.986,18173.03,0,Intel Xeon Gold 6254,Ubuntu 20.04.3 LTS
dermalog+0008,compare,Timing Sample: AZ,4110.303898,3671.368,2859.6307500000003,4903.7895,397.022,18173.03,0,Intel Xeon Gold 6254,Ubuntu 20.04.3 LTS
dermalog+0008,compare,Timing Sample: DHS 2,889.2333215,808.9615,621.28225,1038.16375,25.87,5197.808,0,Intel Xeon Gold 6254,Ubuntu 20.04.3 LTS
dermalog+0008,compare,Timing Sample: LA County,2322.1359445000003,2185.9835,1739.77825,2793.7405,44.456,13321.888,0,Intel Xeon Gold 6254,Ubuntu 20.04.3 LTS
dermalog+0008,compare,Timing Sample: POE+BVA,906.684647,790.8405,595.66525,1063.462,19.986,4714.818,0,Intel Xeon Gold 6254,Ubuntu 20.04.3 LTS
dermalog+0008,compare,Timing Sample: IARPA N2N,2676.6619827235777,2360.2305,1720.17075,3227.293,267.285,13916.965,0,Intel Xeon Gold 6254,Ubuntu 20.04.3 LTS
HisignTechimpl+0008,create,Overall,154423.2184783445,152891,103741,204611,73527,715661,0,Intel Xeon Gold 6140,CentOS Linux release 8.2.2004 (Core)
HisignTechimpl+0008,create,Timing Sample: AZ,220313.96733333336,218680.99999999997,209243.49999999997,230322.5,97642,715661,0,Intel Xeon Gold 6140,CentOS Linux release 8.2.2004 (Core)
HisignTechimpl+0008,create,Timing Sample: DHS 2,102934.86866666668,101917.5,99105.5,105163.24999999999,86418,544384,0,Intel Xeon Gold 6140,CentOS Linux release 8.2.2004 (Core)
HisignTechimpl+0008,create,Timing Sample: LA County,162190.94966666668,161715,155023.5,167944.75,73527,657052,0,Intel Xeon Gold 6140,CentOS Linux release 8.2.2004 (Core)
HisignTechimpl+0008,create,Timing Sample: POE+BVA,111542.84166666667,105358.5,99444.75,124484.75,87779,551719,0,Intel Xeon Gold 6140,CentOS Linux release 8.2.2004 (Core)
HisignTechimpl+0008,create,Timing Sample: IARPA N2N,216616.15115115113,215632,200939.5,230458.50000000003,169072,501996.00000000006,0,Intel Xeon Gold 6140,CentOS Linux release 8.2.2004 (Core)
HisignTechimpl+0008,compare,Overall,819.424257624398,39,23,1322.5,22,126127.00000000001,0,Intel Xeon Gold 6140,CentOS Linux release 8.2.2004 (Core)
HisignTechimpl+0008,compare,Timing Sample: AZ,1377.7455,1531.5,23,2365,22,122669,0,Intel Xeon Gold 6140,CentOS Linux release 8.2.2004 (Core)
HisignTechimpl+0008,compare,Timing Sample: DHS 2,401.74100000000004,336.5,23,613,22,123522,0,Intel Xeon Gold 6140,CentOS Linux release 8.2.2004 (Core)
HisignTechimpl+0008,compare,Timing Sample: LA County,973.663,1059,23,1633,22,123074,0,Intel Xeon Gold 6140,CentOS Linux release 8.2.2004 (Core)
HisignTechimpl+0008,compare,Timing Sample: POE+BVA,426.52250000000004,378,23,644.25,22,122772,0,Intel Xeon Gold 6140,CentOS Linux release 8.2.2004 (Core)
HisignTechimpl+0008,compare,Timing Sample: IARPA N2N,919.0431910569106,23,22,1781.5,22,126127.00000000001,0,Intel Xeon Gold 6140,CentOS Linux release 8.2.2004 (Core)
HisignTechimpl+0011,create,Overall,133435.71282406338,104573.00000000001,77209.5,217708.50000000003,1289,667296,0,Intel Xeon Gold 6140,CentOS Linux release 8.2.2004 (Core)
HisignTechimpl+0011,create,Timing Sample: AZ,239368.98266666668,237119,225675.25,250726.99999999997,163866,667296,0,Intel Xeon Gold 6140,CentOS Linux release 8.2.2004 (Core)
HisignTechimpl+0011,create,Timing Sample: DHS 2,79232.82733333333,78422,76057,81044.25,65991,417650.00000000006,0,Intel Xeon Gold 6140,CentOS Linux release 8.2.2004 (Core)
HisignTechimpl+0011,create,Timing Sample: LA County,98525.72600000001,138600.00000000003,1317,149372.75,1289,626467,0,Intel Xeon Gold 6140,CentOS Linux release 8.2.2004 (Core)
HisignTechimpl+0011,create,Timing Sample: POE+BVA,86590.41533333334,79228.00000000001,75375.75,100433,39472,421431,0,Intel Xeon Gold 6140,CentOS Linux release 8.2.2004 (Core)
HisignTechimpl+0011,create,Timing Sample: IARPA N2N,223600.57757757758,221663,207353,236830.50000000003,178775,495854,0,Intel Xeon Gold 6140,CentOS Linux release 8.2.2004 (Core)
HisignTechimpl+0011,compare,Overall,620.3654695024077,18.000000000000004,17,713,17,33482,0,Intel Xeon Gold 6140,CentOS Linux release 8.2.2004 (Core)
HisignTechimpl+0011,compare,Timing Sample: AZ,1409.4725,1670.9999999999998,18.000000000000004,2526.25,17,27516,0,Intel Xeon Gold 6140,CentOS Linux release 8.2.2004 (Core)
HisignTechimpl+0011,compare,Timing Sample: DHS 2,358.6875,359,18.000000000000004,621,17,29060.000000000004,0,Intel Xeon Gold 6140,CentOS Linux release 8.2.2004 (Core)
HisignTechimpl+0011,compare,Timing Sample: LA County,31.946,18.000000000000004,17,18.000000000000004,17,28350,0,Intel Xeon Gold 6140,CentOS Linux release 8.2.2004 (Core)
HisignTechimpl+0011,compare,Timing Sample: POE+BVA,373.5735,366.5,17,651.25,17,27629,0,Intel Xeon Gold 6140,CentOS Linux release 8.2.2004 (Core)
HisignTechimpl+0011,compare,Timing Sample: IARPA N2N,933.1524390243902,18.000000000000004,17,1880.2500000000002,17,33482,0,Intel Xeon Gold 6140,CentOS Linux release 8.2.2004 (Core)
HisignTechimpl+0012,create,Overall,128495.91838433726,100009.383,74753.99250000001,208961.6095,1719.9170000000001,544132.036,0,Intel Xeon Gold 6254,Ubuntu 20.04.3 LTS
HisignTechimpl+0012,create,Timing Sample: AZ,227955.491697,226427.3065,215204.035,239795.2875,51923.069,526898.837,0,Intel Xeon Gold 6254,Ubuntu 20.04.3 LTS
HisignTechimpl+0012,create,Timing Sample: DHS 2,76293.04541866666,75915.443,73543.18075,78596.8385,63689.835,392026.561,0,Intel Xeon Gold 6254,Ubuntu 20.04.3 LTS
HisignTechimpl+0012,create,Timing Sample: LA County,96266.826506,135710.544,1777.98925,146464.5765,1719.9170000000001,482217.102,0,Intel Xeon Gold 6254,Ubuntu 20.04.3 LTS
HisignTechimpl+0012,create,Timing Sample: POE+BVA,83135.14777533333,76752.433,72929.5895,96370.79950000001,38772.429000000004,389930.05700000003,0,Intel Xeon Gold 6254,Ubuntu 20.04.3 LTS
HisignTechimpl+0012,create,Timing Sample: IARPA N2N,219586.4953823824,217616.85700000002,203825.0715,232600.407,174502.353,544132.036,0,Intel Xeon Gold 6254,Ubuntu 20.04.3 LTS
HisignTechimpl+0012,compare,Overall,1035.5438011637239,476.343,47.48275,1769.1665,30.361,42277.276,0,Intel Xeon Gold 6254,Ubuntu 20.04.3 LTS
HisignTechimpl+0012,compare,Timing Sample: AZ,1741.386256,1990.337,34.57425,2629.9,31.175,39348.644,0,Intel Xeon Gold 6254,Ubuntu 20.04.3 LTS
HisignTechimpl+0012,compare,Timing Sample: DHS 2,856.9887865000001,689.974,102.1815,1353.16325,31.122,40817.873,0,Intel Xeon Gold 6254,Ubuntu 20.04.3 LTS
HisignTechimpl+0012,compare,Timing Sample: LA County,84.185507,51.343,44.317750000000004,106.684,32.09,38629.567,0,Intel Xeon Gold 6254,Ubuntu 20.04.3 LTS
HisignTechimpl+0012,compare,Timing Sample: POE+BVA,805.8574470000001,661.125,102.13725000000001,1193.02375,30.404,37192.64,0,Intel Xeon Gold 6254,Ubuntu 20.04.3 LTS
HisignTechimpl+0012,compare,Timing Sample: IARPA N2N,1699.9312078252033,1562.086,32.84275,2468.23275,30.361,42277.276,0,Intel Xeon Gold 6254,Ubuntu 20.04.3 LTS
HisignTechimpl+0013,create,Overall,295161.3079421494,293776.283,291773.1695,296251.42350000003,288545.533,926930.256,0,Intel Xeon Gold 6254,Ubuntu 20.04.3 LTS
HisignTechimpl+0013,create,Timing Sample: AZ,297106.85643933335,296655.7395,295794.44325,297558.02375,293626.742,907545.3250000001,0,Intel Xeon Gold 6254,Ubuntu 20.04.3 LTS
HisignTechimpl+0013,create,Timing Sample: DHS 2,291904.74364099995,291432.229,290677.2075,292327.17100000003,288545.533,910620.948,0,Intel Xeon Gold 6254,Ubuntu 20.04.3 LTS
HisignTechimpl+0013,create,Timing Sample: LA County,294748.7268426667,294282.4165,293430.806,295288.952,291113.901,920286.354,0,Intel Xeon Gold 6254,Ubuntu 20.04.3 LTS
HisignTechimpl+0013,create,Timing Sample: POE+BVA,292405.46374566667,291947.8515,291001.303,292969.21075,288726.04600000003,918012.017,0,Intel Xeon Gold 6254,Ubuntu 20.04.3 LTS
HisignTechimpl+0013,create,Timing Sample: IARPA N2N,308613.083017017,307092.566,306237.4665,308215.292,303766.396,926930.256,0,Intel Xeon Gold 6254,Ubuntu 20.04.3 LTS
HisignTechimpl+0013,compare,Overall,39.702474418138046,45.697,22.865000000000002,53.251,18.744,121.967,0,Intel Xeon Gold 6254,Ubuntu 20.04.3 LTS
HisignTechimpl+0013,compare,Timing Sample: AZ,39.7236405,45.9105,22.76625,53.29725,19.358,119.592,0,Intel Xeon Gold 6254,Ubuntu 20.04.3 LTS
HisignTechimpl+0013,compare,Timing Sample: DHS 2,40.224489999999996,40.043,26.589000000000002,53.18725,18.744,121.967,0,Intel Xeon Gold 6254,Ubuntu 20.04.3 LTS
HisignTechimpl+0013,compare,Timing Sample: LA County,39.781400999999995,45.59,23.661,53.224000000000004,19.332,116.119,0,Intel Xeon Gold 6254,Ubuntu 20.04.3 LTS
HisignTechimpl+0013,compare,Timing Sample: POE+BVA,39.9026635,49.2295,22.099,53.291000000000004,19.332,121.39,0,Intel Xeon Gold 6254,Ubuntu 20.04.3 LTS
HisignTechimpl+0013,compare,Timing Sample: IARPA N2N,38.866806402439025,49.025,22.092,53.24225,19.318,107.235,0,Intel Xeon Gold 6254,Ubuntu 20.04.3 LTS
idemia+0002,create,Overall,193633.41703938766,189138.452,176382.04750000002,224867.34,132435.115,364344.239,0,Intel Xeon Gold 6254,Ubuntu 20.04.3 LTS
idemia+0002,create,Timing Sample: AZ,228047.73683166667,226496.02000000002,223323.83250000002,229376.82275,195026.911,364344.239,0,Intel Xeon Gold 6254,Ubuntu 20.04.3 LTS
idemia+0002,create,Timing Sample: DHS 2,168275.66465700002,183373.72400000002,143957.76625000002,186878.749,133374.04200000002,223811.888,0,Intel Xeon Gold 6254,Ubuntu 20.04.3 LTS
idemia+0002,create,Timing Sample: LA County,198623.11263133332,185001.0055,180610.89425,224090.11525,156974.641,252456.874,0,Intel Xeon Gold 6254,Ubuntu 20.04.3 LTS
idemia+0002,create,Timing Sample: POE+BVA,167220.78681433332,145216.3855,142186.101,200711.10925,132435.115,265247.724,0,Intel Xeon Gold 6254,Ubuntu 20.04.3 LTS
idemia+0002,create,Timing Sample: IARPA N2N,230769.65494694695,227229.85,221201.867,234126.347,204499.471,292704.954,0,Intel Xeon Gold 6254,Ubuntu 20.04.3 LTS
idemia+0002,compare,Overall,2834.650382524077,2695.869,1648.1835,3719.0915,186.109,33758.9,0,Intel Xeon Gold 6254,Ubuntu 20.04.3 LTS
idemia+0002,compare,Timing Sample: AZ,4046.126253,3849.2025,3204.6405,4627.29375,601.005,33758.9,0,Intel Xeon Gold 6254,Ubuntu 20.04.3 LTS
idemia+0002,compare,Timing Sample: DHS 2,1673.6623145,1545.6265,1192.14875,2015.37425,406.314,6152.2970000000005,0,Intel Xeon Gold 6254,Ubuntu 20.04.3 LTS
idemia+0002,compare,Timing Sample: LA County,3016.426688,2881.944,2264.67725,3590.15025,186.109,9904.035,0,Intel Xeon Gold 6254,Ubuntu 20.04.3 LTS
idemia+0002,compare,Timing Sample: POE+BVA,1676.2536599999999,1488.9265,1118.54575,2027.06575,306.322,7675.686000000001,0,Intel Xeon Gold 6254,Ubuntu 20.04.3 LTS
idemia+0002,compare,Timing Sample: IARPA N2N,3775.8420640243903,3574.6265,2955.5035000000003,4370.51025,829.727,13664.649,0,Intel Xeon Gold 6254,Ubuntu 20.04.3 LTS
idemia+0003,create,Overall,193233.90422863298,192427.30000000002,176267.28100000002,226927.1665,126327.821,592695.778,0,Intel Xeon Gold 6254,Ubuntu 20.04.3 LTS
idemia+0003,create,Timing Sample: AZ,228873.99630566666,227094.172,224571.53425,229333.90825,206463.16,592695.778,0,Intel Xeon Gold 6254,Ubuntu 20.04.3 LTS
idemia+0003,create,Timing Sample: DHS 2,161364.07625166667,176917.619,136478.30675,179508.6515,128895.327,229202.092,0,Intel Xeon Gold 6254,Ubuntu 20.04.3 LTS
idemia+0003,create,Timing Sample: LA County,206452.91256666667,192618.409,188511.51175,231921.52325,168679.006,250281.871,0,Intel Xeon Gold 6254,Ubuntu 20.04.3 LTS
idemia+0003,create,Timing Sample: POE+BVA,164482.88346433334,142947.38,135728.842,204507.70575,126327.821,270516.503,0,Intel Xeon Gold 6254,Ubuntu 20.04.3 LTS
idemia+0003,create,Timing Sample: IARPA N2N,228554.46977277278,226893.011,221225.72950000002,231310.0515,195058.93,286370.436,0,Intel Xeon Gold 6254,Ubuntu 20.04.3 LTS
idemia+0003,compare,Overall,2821.142485252809,2674.7775,1631.4485,3687.7690000000002,102.964,40074.669,0,Intel Xeon Gold 6254,Ubuntu 20.04.3 LTS
idemia+0003,compare,Timing Sample: AZ,4037.1301705,3826.804,3171.965,4635.43175,1592.022,40074.669,0,Intel Xeon Gold 6254,Ubuntu 20.04.3 LTS
idemia+0003,compare,Timing Sample: DHS 2,1651.0058230000002,1517.631,1162.648,1995.3805,307.377,6346.339,0,Intel Xeon Gold 6254,Ubuntu 20.04.3 LTS
idemia+0003,compare,Timing Sample: LA County,3044.9179865,2884.2585,2291.63675,3579.87525,102.964,8743.733,0,Intel Xeon Gold 6254,Ubuntu 20.04.3 LTS
idemia+0003,compare,Timing Sample: POE+BVA,1664.738917,1463.019,1083.1905,2005.2135,280.862,8137.591,0,Intel Xeon Gold 6254,Ubuntu 20.04.3 LTS
idemia+0003,compare,Timing Sample: IARPA N2N,3722.338668191057,3543.9265,2878.202,4312.627,305.973,11690.935,0,Intel Xeon Gold 6254,Ubuntu 20.04.3 LTS
idemia+0004,create,Overall,363623.83892714826,358633.553,298695.944,429430.5685,280547.99700000003,612265.333,0,Intel Xeon Gold 6254,Ubuntu 20.04.3 LTS
idemia+0004,create,Timing Sample: AZ,437245.34362266667,435901.6155,432431.3465,440065.36475,412969.43,612265.333,0,Intel Xeon Gold 6254,Ubuntu 20.04.3 LTS
idemia+0004,create,Timing Sample: DHS 2,301507.2669626667,298956.405,293015.90325000003,307149.63925,284552.061,489623.677,0,Intel Xeon Gold 6254,Ubuntu 20.04.3 LTS
idemia+0004,create,Timing Sample: LA County,363420.8587636667,358586.291,355701.23775000003,372048.32825,337752.515,525598.1460000001,0,Intel Xeon Gold 6254,Ubuntu 20.04.3 LTS
idemia+0004,create,Timing Sample: POE+BVA,329762.8758596667,294628.366,291613.61525000003,395157.433,280547.99700000003,602290.689,0,Intel Xeon Gold 6254,Ubuntu 20.04.3 LTS
idemia+0004,create,Timing Sample: IARPA N2N,431368.6152032032,431925.537,425020.892,436685.5965,397124.713,592599.577,0,Intel Xeon Gold 6254,Ubuntu 20.04.3 LTS
idemia+0004,compare,Overall,3147.4859349919743,2984.7290000000003,1947.787,4030.5347500000003,331.367,33352.865,0,Intel Xeon Gold 6254,Ubuntu 20.04.3 LTS
idemia+0004,compare,Timing Sample: AZ,4323.674091,4104.548,3456.42625,4877.31175,381.196,33352.865,0,Intel Xeon Gold 6254,Ubuntu 20.04.3 LTS
idemia+0004,compare,Timing Sample: DHS 2,1946.7032,1814.54,1469.36725,2272.678,600.613,7517.78,0,Intel Xeon Gold 6254,Ubuntu 20.04.3 LTS
idemia+0004,compare,Timing Sample: LA County,3192.2783289999998,3019.1195000000002,2470.2225,3736.8525,367.411,10121.535,0,Intel Xeon Gold 6254,Ubuntu 20.04.3 LTS
idemia+0004,compare,Timing Sample: POE+BVA,2029.2129275,1838.4825,1455.307,2370.0535,515.291,9049.329,0,Intel Xeon Gold 6254,Ubuntu 20.04.3 LTS
idemia+0004,compare,Timing Sample: IARPA N2N,4263.416008638212,4053.228,3436.20375,4873.4065,331.367,13156.989,0,Intel Xeon Gold 6254,Ubuntu 20.04.3 LTS
innovatrics+0003,create,Overall,380793.2541672436,343779.597,156793.964,677040.5,154415.041,774576.915,0,Intel Xeon Gold 6254,Ubuntu 20.04.3 LTS
innovatrics+0003,create,Timing Sample: AZ,689350.1438776667,687599.742,686258.666,690974.3925,680474.7490000001,732992.028,0,Intel Xeon Gold 6254,Ubuntu 20.04.3 LTS
innovatrics+0003,create,Timing Sample: DHS 2,156971.19474200002,156435.654,156046.67775,157019.35375,154573.876,165717.237,0,Intel Xeon Gold 6254,Ubuntu 20.04.3 LTS
innovatrics+0003,create,Timing Sample: LA County,381923.2981726667,345209.64900000003,344082.356,455391.9765,341494.35000000003,475986.754,0,Intel Xeon Gold 6254,Ubuntu 20.04.3 LTS
innovatrics+0003,create,Timing Sample: POE+BVA,198392.22390166667,159328.7585,155848.442,281225.8,154415.041,287930.259,0,Intel Xeon Gold 6254,Ubuntu 20.04.3 LTS
innovatrics+0003,create,Timing Sample: IARPA N2N,670691.6204584584,669454.914,662715.55,677040.5,655691.251,774576.915,0,Intel Xeon Gold 6254,Ubuntu 20.04.3 LTS
innovatrics+0003,compare,Overall,6026.004982544141,4890.224,2120.563,8457.9905,132.848,38924.709,0,Intel Xeon Gold 6254,Ubuntu 20.04.3 LTS
innovatrics+0003,compare,Timing Sample: AZ,11867.930927,10922.1055,8582.1025,14149.511,937.535,35053.385,0,Intel Xeon Gold 6254,Ubuntu 20.04.3 LTS
innovatrics+0003,compare,Timing Sample: DHS 2,2116.7595954999997,2000.6190000000001,1631.961,2403.914,164.986,9380.701000000001,0,Intel Xeon Gold 6254,Ubuntu 20.04.3 LTS
innovatrics+0003,compare,Timing Sample: LA County,6107.0060915,5715.536,4564.727,7010.610000000001,497.087,22015.948,0,Intel Xeon Gold 6254,Ubuntu 20.04.3 LTS
innovatrics+0003,compare,Timing Sample: POE+BVA,2033.4439,1865.8045,1525.25025,2356.32675,132.848,8057.621,0,Intel Xeon Gold 6254,Ubuntu 20.04.3 LTS
innovatrics+0003,compare,Timing Sample: IARPA N2N,8037.061299796748,7205.844,5418.54325,9633.62425,790.792,38924.709,0,Intel Xeon Gold 6254,Ubuntu 20.04.3 LTS
innovatrics+0007,create,Overall,60360.01160735441,49775.219000000005,21655.6635,107060.45,20315.2,137611.782,0,Intel Xeon Gold 6254,Ubuntu 20.04.3 LTS
innovatrics+0007,create,Timing Sample: AZ,118731.52254466666,121316.403,109578.88175,126942.3705,103029.546,137611.782,0,Intel Xeon Gold 6254,Ubuntu 20.04.3 LTS
innovatrics+0007,create,Timing Sample: DHS 2,21543.221154,21438.652000000002,21276.188000000002,21635.934250000002,20315.2,26881.103,0,Intel Xeon Gold 6254,Ubuntu 20.04.3 LTS
innovatrics+0007,create,Timing Sample: LA County,55881.28156633333,50469.282,49956.954,66477.44925,47637.714,80215.77,0,Intel Xeon Gold 6254,Ubuntu 20.04.3 LTS
innovatrics+0007,create,Timing Sample: POE+BVA,28688.811318666667,22049.8625,21581.87825,40145.471,20694.246,48652.675,0,Intel Xeon Gold 6254,Ubuntu 20.04.3 LTS
innovatrics+0007,create,Timing Sample: IARPA N2N,110195.4766096096,107881.95300000001,107195.2875,109547.016,105335.66100000001,134845.86800000002,0,Intel Xeon Gold 6254,Ubuntu 20.04.3 LTS
innovatrics+0007,compare,Overall,5263.2825846709475,4442.943,1948.6122500000001,7471.2882500000005,128.672,36179.659,0,Intel Xeon Gold 6254,Ubuntu 20.04.3 LTS
innovatrics+0007,compare,Timing Sample: AZ,9965.4005725,9519.947,7619.00425,11613.238,1019.0450000000001,28775.352,0,Intel Xeon Gold 6254,Ubuntu 20.04.3 LTS
innovatrics+0007,compare,Timing Sample: DHS 2,1885.8526125,1780.2005000000001,1462.95675,2165.936,197.691,8457.965,0,Intel Xeon Gold 6254,Ubuntu 20.04.3 LTS
innovatrics+0007,compare,Timing Sample: LA County,5395.363521,5170.386,4148.1140000000005,6249.57775,533.522,17314.605,0,Intel Xeon Gold 6254,Ubuntu 20.04.3 LTS
innovatrics+0007,compare,Timing Sample: POE+BVA,1939.7467735,1781.0395,1471.4075,2214.21925,128.672,9756.972,0,Intel Xeon Gold 6254,Ubuntu 20.04.3 LTS
innovatrics+0007,compare,Timing Sample: IARPA N2N,7160.403376524391,6467.0395,4860.08075,8413.00875,1257.438,36179.659,0,Intel Xeon Gold 6254,Ubuntu 20.04.3 LTS
innovatrics+0008,create,Overall,357912.7111882452,317267.39400000003,141192.4855,633048.89,135329.812,834395.745,0,Intel Xeon Gold 6254,Ubuntu 20.04.3 LTS
innovatrics+0008,create,Timing Sample: AZ,661302.8339273334,658373.835,655712.862,664884.68075,650127.786,834395.745,0,Intel Xeon Gold 6254,Ubuntu 20.04.3 LTS
innovatrics+0008,create,Timing Sample: DHS 2,141952.624553,141156.946,140080.65,143536.9265,136878.448,181713.549,0,Intel Xeon Gold 6254,Ubuntu 20.04.3 LTS
innovatrics+0008,create,Timing Sample: LA County,359091.48189166666,321505.196,317876.38025,430963.43,312264.63,472937.043,0,Intel Xeon Gold 6254,Ubuntu 20.04.3 LTS
innovatrics+0008,create,Timing Sample: POE+BVA,179330.77659266666,140634.5125,139842.5125,255414.48500000002,135329.812,275807.636,0,Intel Xeon Gold 6254,Ubuntu 20.04.3 LTS
innovatrics+0008,create,Timing Sample: IARPA N2N,628102.2841261262,624276.368,620450.4985,633048.89,615996.645,702987.107,0,Intel Xeon Gold 6254,Ubuntu 20.04.3 LTS
innovatrics+0008,compare,Overall,5377.105449137239,4553.8730000000005,1896.74125,7500.001,190.02,43124.894,0,Intel Xeon Gold 6254,Ubuntu 20.04.3 LTS
innovatrics+0008,compare,Timing Sample: AZ,10284.915824,9448.689,7463.5195,12233.9855,831.038,43124.894,0,Intel Xeon Gold 6254,Ubuntu 20.04.3 LTS
innovatrics+0008,compare,Timing Sample: DHS 2,1857.3692605,1721.7630000000001,1432.61975,2118.8382500000002,190.02,25011.561,0,Intel Xeon Gold 6254,Ubuntu 20.04.3 LTS
innovatrics+0008,compare,Timing Sample: LA County,5467.945874,5140.554,4219.1545,6281.55425,540.224,25885.57,0,Intel Xeon Gold 6254,Ubuntu 20.04.3 LTS
innovatrics+0008,compare,Timing Sample: POE+BVA,1888.973052,1721.095,1418.74225,2161.5395,605.917,19438.972,0,Intel Xeon Gold 6254,Ubuntu 20.04.3 LTS
innovatrics+0008,compare,Timing Sample: IARPA N2N,7418.993443089431,6664.206,5099.6245,8742.763500000001,1673.404,38171.302,0,Intel Xeon Gold 6254,Ubuntu 20.04.3 LTS
miaxis+0004,create,Overall,386689.3985161166,348578.065,176233.751,593771.2235,124004.63100000001,2184071.524,0,Intel Xeon Gold 6254,Ubuntu 20.04.3 LTS
miaxis+0004,create,Timing Sample: AZ,635991.8751926667,622330.4435,582065.79575,675553.23775,416604.33400000003,2184071.524,0,Intel Xeon Gold 6254,Ubuntu 20.04.3 LTS
miaxis+0004,create,Timing Sample: DHS 2,172384.63742566667,170849.178,164676.441,177401.375,124004.63100000001,312850.063,0,Intel Xeon Gold 6254,Ubuntu 20.04.3 LTS
miaxis+0004,create,Timing Sample: LA County,479828.206519,408503.525,361457.6895,638148.87275,155508.396,1111347.185,0,Intel Xeon Gold 6254,Ubuntu 20.04.3 LTS
miaxis+0004,create,Timing Sample: POE+BVA,203398.79376766668,186516.784,170455.34675,238915.836,124072.167,439577.439,0,Intel Xeon Gold 6254,Ubuntu 20.04.3 LTS
miaxis+0004,create,Timing Sample: IARPA N2N,552317.2698658658,542068.816,490574.109,597613.682,400376.049,1094185.844,0,Intel Xeon Gold 6254,Ubuntu 20.04.3 LTS
miaxis+0004,compare,Overall,5580.9510632022475,3532.308,2625.996,5100.40375,6.7780000000000005,54013.46,0,Intel Xeon Gold 6254,Ubuntu 20.04.3 LTS
miaxis+0004,compare,Timing Sample: AZ,5456.52134,4118.2085,3372.03425,5343.3005,453.899,39108.016,0,Intel Xeon Gold 6254,Ubuntu 20.04.3 LTS
miaxis+0004,compare,Timing Sample: DHS 2,2859.7694495,2569.9115,2013.21,3232.337,227.184,17827.819,0,Intel Xeon Gold 6254,Ubuntu 20.04.3 LTS
miaxis+0004,compare,Timing Sample: LA County,8547.082694499999,4100.4275,3254.553,11110.90925,6.7780000000000005,54013.46,0,Intel Xeon Gold 6254,Ubuntu 20.04.3 LTS
miaxis+0004,compare,Timing Sample: POE+BVA,3247.2572965000004,2793.107,2106.87925,3568.24175,583.9780000000001,29408.904000000002,0,Intel Xeon Gold 6254,Ubuntu 20.04.3 LTS
miaxis+0004,compare,Timing Sample: IARPA N2N,7830.111096036585,4475.3055,3314.8795,9605.37325,407.579,50292.695,0,Intel Xeon Gold 6254,Ubuntu 20.04.3 LTS
NeuroDactyl+0001,create,Overall,391813.00099507655,390489.148,388636.9645,392005.096,386018.809,519753.919,0,Intel Xeon Gold 6254,Ubuntu 20.04.3 LTS
NeuroDactyl+0001,create,Timing Sample: AZ,392437.684953,392094.03750000003,391742.90825000004,392621.47075000004,390606.211,496638.962,0,Intel Xeon Gold 6254,Ubuntu 20.04.3 LTS
NeuroDactyl+0001,create,Timing Sample: DHS 2,389334.51684533333,388998.5415,388639.6665,389566.4815,387597.364,507135.401,0,Intel Xeon Gold 6254,Ubuntu 20.04.3 LTS
NeuroDactyl+0001,create,Timing Sample: LA County,387845.448362,387548.08400000003,387032.7745,388216,386018.809,500601.29000000004,0,Intel Xeon Gold 6254,Ubuntu 20.04.3 LTS
NeuroDactyl+0001,create,Timing Sample: POE+BVA,391174.71637800004,390890.082,390401.27675,391516.84375,389434.75,490448.74,0,Intel Xeon Gold 6254,Ubuntu 20.04.3 LTS
NeuroDactyl+0001,create,Timing Sample: IARPA N2N,411211.31163163163,410509.499,409990.19800000003,411337.4705,409061.034,519753.919,0,Intel Xeon Gold 6254,Ubuntu 20.04.3 LTS
NeuroDactyl+0001,compare,Overall,11.449045244783306,13.22,8.32075,13.382,6.341,93.038,0,Intel Xeon Gold 6254,Ubuntu 20.04.3 LTS
NeuroDactyl+0001,compare,Timing Sample: AZ,11.4401115,13.346,8.359,13.448,6.341,88.368,0,Intel Xeon Gold 6254,Ubuntu 20.04.3 LTS
NeuroDactyl+0001,compare,Timing Sample: DHS 2,11.3767315,13.188,7.946,13.232000000000001,6.3420000000000005,86.054,0,Intel Xeon Gold 6254,Ubuntu 20.04.3 LTS
NeuroDactyl+0001,compare,Timing Sample: LA County,11.5508975,13.2545,7.982,13.39025,6.6290000000000004,89.07300000000001,0,Intel Xeon Gold 6254,Ubuntu 20.04.3 LTS
NeuroDactyl+0001,compare,Timing Sample: POE+BVA,11.5246825,13.3545,8.43275,13.404,6.65,84.641,0,Intel Xeon Gold 6254,Ubuntu 20.04.3 LTS
NeuroDactyl+0001,compare,Timing Sample: IARPA N2N,11.351238313008132,13.202,8.353,13.259,6.603,93.038,0,Intel Xeon Gold 6254,Ubuntu 20.04.3 LTS
NeuroDactyl+0002,create,Overall,476395.58669951535,483470.645,459488.7835,485369.43200000003,456012.113,590403.471,0,Intel Xeon Gold 6254,Ubuntu 20.04.3 LTS
NeuroDactyl+0002,create,Timing Sample: AZ,485446.572427,485112.71,484772.347,485684.681,483876.39,582045.564,0,Intel Xeon Gold 6254,Ubuntu 20.04.3 LTS
NeuroDactyl+0002,create,Timing Sample: DHS 2,457475.80720166664,457159.3565,456824.772,457715.27775,456012.113,555862.15,0,Intel Xeon Gold 6254,Ubuntu 20.04.3 LTS
NeuroDactyl+0002,create,Timing Sample: LA County,493104.9334206667,484446.07800000004,483687.47975,510407.242,481700.555,578553.368,0,Intel Xeon Gold 6254,Ubuntu 20.04.3 LTS
NeuroDactyl+0002,create,Timing Sample: POE+BVA,460460.34944633336,460242.527,459749.516,460836.51125,457745.86,548378.4400000001,0,Intel Xeon Gold 6254,Ubuntu 20.04.3 LTS
NeuroDactyl+0002,create,Timing Sample: IARPA N2N,503706.950970971,503102.33900000004,502605.9365,504142.10500000004,501457.021,590403.471,0,Intel Xeon Gold 6254,Ubuntu 20.04.3 LTS
NeuroDactyl+0002,compare,Overall,16.254532704654896,19.417,11.09775,19.507,8.584,110.935,0,Intel Xeon Gold 6254,Ubuntu 20.04.3 LTS
NeuroDactyl+0002,compare,Timing Sample: AZ,16.278361,19.403,11.09075,19.478,9.656,105.395,0,Intel Xeon Gold 6254,Ubuntu 20.04.3 LTS
NeuroDactyl+0002,compare,Timing Sample: DHS 2,16.337902,19.4095,10.66225,19.499,8.584,106.077,0,Intel Xeon Gold 6254,Ubuntu 20.04.3 LTS
NeuroDactyl+0002,compare,Timing Sample: LA County,16.0006505,19.415,11.111,19.489,8.954,99.304,0,Intel Xeon Gold 6254,Ubuntu 20.04.3 LTS
NeuroDactyl+0002,compare,Timing Sample: POE+BVA,16.217456000000002,19.408,10.841000000000001,19.490000000000002,9.684000000000001,102.608,0,Intel Xeon Gold 6254,Ubuntu 20.04.3 LTS
NeuroDactyl+0002,compare,Timing Sample: IARPA N2N,16.441282012195124,19.488,11.13275,19.579,9.686,110.935,0,Intel Xeon Gold 6254,Ubuntu 20.04.3 LTS
Neurotechnology+0001,create,Overall,203976.90360796984,196575.00000000003,107848.5,279446,79618,631595,0,Intel Xeon Gold 6140,CentOS Linux release 8.0.1905 (Core)
Neurotechnology+0001,create,Timing Sample: AZ,334389.1043333334,330459.50000000006,298476,367204,119910,631595,0,Intel Xeon Gold 6140,CentOS Linux release 8.0.1905 (Core)
Neurotechnology+0001,create,Timing Sample: DHS 2,108350.20066666667,105606.00000000001,99370.75,111529,90361,197036,0,Intel Xeon Gold 6140,CentOS Linux release 8.0.1905 (Core)
Neurotechnology+0001,create,Timing Sample: LA County,220697.72033333333,221403.5,204708.75,238736.75,79618,408705,0,Intel Xeon Gold 6140,CentOS Linux release 8.0.1905 (Core)
Neurotechnology+0001,create,Timing Sample: POE+BVA,120199.792,108227.5,98824.5,142036.74999999997,89959,257834.99999999997,0,Intel Xeon Gold 6140,CentOS Linux release 8.0.1905 (Core)
Neurotechnology+0001,create,Timing Sample: IARPA N2N,300886.2042042042,293825,250055.5,342677,167174,542545,0,Intel Xeon Gold 6140,CentOS Linux release 8.0.1905 (Core)
Neurotechnology+0001,compare,Overall,3699.4376003210273,1768.5,701.0000000000001,6167,138,28817,0,Intel Xeon Gold 6140,CentOS Linux release 8.0.1905 (Core)
Neurotechnology+0001,compare,Timing Sample: AZ,5795.8225,5138.999999999999,737,10379.249999999998,361,20083.000000000004,0,Intel Xeon Gold 6140,CentOS Linux release 8.0.1905 (Core)
Neurotechnology+0001,compare,Timing Sample: DHS 2,1227.5825,1226.9999999999998,480,1891.5,176,4078.9999999999995,0,Intel Xeon Gold 6140,CentOS Linux release 8.0.1905 (Core)
Neurotechnology+0001,compare,Timing Sample: LA County,3757.8725,3671.5,1455.75,5778.250000000001,271,18093,0,Intel Xeon Gold 6140,CentOS Linux release 8.0.1905 (Core)
Neurotechnology+0001,compare,Timing Sample: POE+BVA,995.414,973,264,1580.5,138,4909,0,Intel Xeon Gold 6140,CentOS Linux release 8.0.1905 (Core)
Neurotechnology+0001,compare,Timing Sample: IARPA N2N,6769.619410569106,6834.5,3734,9292.25,296,28817,0,Intel Xeon Gold 6140,CentOS Linux release 8.0.1905 (Core)
Neurotechnology+0003,create,Overall,228585.26194207245,206296.196,133657.646,306547.902,90771.512,1190028.369,0,Intel Xeon Gold 6254,Ubuntu 20.04.3 LTS
Neurotechnology+0003,create,Timing Sample: AZ,361414.92016466666,356040.4245,314721.112,402701.4765,102010.363,1190028.369,0,Intel Xeon Gold 6254,Ubuntu 20.04.3 LTS
Neurotechnology+0003,create,Timing Sample: DHS 2,137380.64929533334,135648.1245,132354.67025,142697.5265,122815.804,183818.07200000001,0,Intel Xeon Gold 6254,Ubuntu 20.04.3 LTS
Neurotechnology+0003,create,Timing Sample: LA County,256401.29326533334,253099.2,226147.28100000002,290813.131,97318.326,513708.67100000003,0,Intel Xeon Gold 6254,Ubuntu 20.04.3 LTS
Neurotechnology+0003,create,Timing Sample: POE+BVA,131973.506712,127319.281,123302.92125,136369.313,90771.512,207239.21600000001,0,Intel Xeon Gold 6254,Ubuntu 20.04.3 LTS
Neurotechnology+0003,create,Timing Sample: IARPA N2N,310178.8905635636,302969.939,244159.853,363250.3945,136136.768,649434.324,0,Intel Xeon Gold 6254,Ubuntu 20.04.3 LTS
Neurotechnology+0003,compare,Overall,4228.061861556983,2275.358,1265.8985,6485.0115000000005,129.934,30648.902000000002,0,Intel Xeon Gold 6254,Ubuntu 20.04.3 LTS
Neurotechnology+0003,compare,Timing Sample: AZ,7198.9566325000005,5756.0115000000005,2728.868,11384.52175,675.8100000000001,23234.574,0,Intel Xeon Gold 6254,Ubuntu 20.04.3 LTS
Neurotechnology+0003,compare,Timing Sample: DHS 2,1388.0560974999999,1315.0075,557.6815,1998.49425,260.447,9377.086,0,Intel Xeon Gold 6254,Ubuntu 20.04.3 LTS
Neurotechnology+0003,compare,Timing Sample: LA County,3889.928445,3682.985,1441.99475,5925.92325,480.589,17026.341,0,Intel Xeon Gold 6254,Ubuntu 20.04.3 LTS
Neurotechnology+0003,compare,Timing Sample: POE+BVA,1215.068256,1095.522,584.72175,1712.60125,129.934,7173.3730000000005,0,Intel Xeon Gold 6254,Ubuntu 20.04.3 LTS
Neurotechnology+0003,compare,Timing Sample: IARPA N2N,7500.6614705284555,7355.484,4136.058,10045.66225,459.546,30648.902000000002,0,Intel Xeon Gold 6254,Ubuntu 20.04.3 LTS
Neurotechnology+0005,create,Overall,302116.4054189553,286708.464,175974.5695,402819.9875,119431.125,3032879.345,0,Intel Xeon Gold 6254,Ubuntu 20.04.3 LTS
Neurotechnology+0005,create,Timing Sample: AZ,470914.976238,464043.77650000004,411754.931,521802.052,138143.85,3032879.345,0,Intel Xeon Gold 6254,Ubuntu 20.04.3 LTS
Neurotechnology+0005,create,Timing Sample: DHS 2,179305.085159,177903.076,169360.0775,187000.14625,152413.486,630825.911,0,Intel Xeon Gold 6254,Ubuntu 20.04.3 LTS
Neurotechnology+0005,create,Timing Sample: LA County,339196.93555033335,342838.018,307906.90825,373599.45525,122275.398,901680.305,0,Intel Xeon Gold 6254,Ubuntu 20.04.3 LTS
Neurotechnology+0005,create,Timing Sample: POE+BVA,172359.49818000002,167463.457,159480.08825,180590.39275,119431.125,602298.191,0,Intel Xeon Gold 6254,Ubuntu 20.04.3 LTS
Neurotechnology+0005,create,Timing Sample: IARPA N2N,442323.9926516517,427519.82800000004,354109.76900000003,515121.39900000003,210256.776,1065293.545,0,Intel Xeon Gold 6254,Ubuntu 20.04.3 LTS
Neurotechnology+0005,compare,Overall,4380.910857644462,3546.7045000000003,2193.85375,5383.37675,126.635,611214.481,0,Intel Xeon Gold 6254,Ubuntu 20.04.3 LTS
Neurotechnology+0005,compare,Timing Sample: AZ,6600.163629,5787.526,4717.06875,7515.4725,2922.5840000000003,611214.481,0,Intel Xeon Gold 6254,Ubuntu 20.04.3 LTS
Neurotechnology+0005,compare,Timing Sample: DHS 2,2372.0887850000004,2066.159,1749.8645000000001,2383.3852500000003,793.8720000000001,512148.075,0,Intel Xeon Gold 6254,Ubuntu 20.04.3 LTS
Neurotechnology+0005,compare,Timing Sample: LA County,4400.230321499999,3720.978,3212.774,4717.4415,1878.029,526803.5380000001,0,Intel Xeon Gold 6254,Ubuntu 20.04.3 LTS
Neurotechnology+0005,compare,Timing Sample: POE+BVA,2415.0706315,2076.2695,1573.99475,2464.071,126.635,508023.58400000003,0,Intel Xeon Gold 6254,Ubuntu 20.04.3 LTS
Neurotechnology+0005,compare,Timing Sample: IARPA N2N,6145.230027947155,5459.3675,4180.1140000000005,6992.618,2011.223,509448.405,0,Intel Xeon Gold 6254,Ubuntu 20.04.3 LTS
Neurotechnology+0006,create,Overall,346164.7004671128,324736.333,208318.453,458387.067,123075.31300000001,1130221.939,0,Intel Xeon Gold 6254,Ubuntu 20.04.3 LTS
Neurotechnology+0006,create,Timing Sample: AZ,530252.1582096667,519539.152,460340.496,590953.1525,189207.365,957423.027,0,Intel Xeon Gold 6254,Ubuntu 20.04.3 LTS
Neurotechnology+0006,create,Timing Sample: DHS 2,205666.726271,205175.615,195493.09975,217466.54625,154033.36000000002,596295.765,0,Intel Xeon Gold 6254,Ubuntu 20.04.3 LTS
Neurotechnology+0006,create,Timing Sample: LA County,388233.7504946667,389232.6495,345698.11875,429877.3395,123075.31300000001,948624.2540000001,0,Intel Xeon Gold 6254,Ubuntu 20.04.3 LTS
Neurotechnology+0006,create,Timing Sample: POE+BVA,206203.062513,205771.711,177705.65875,225732.1865,130761.341,707210.7980000001,0,Intel Xeon Gold 6254,Ubuntu 20.04.3 LTS
Neurotechnology+0006,create,Timing Sample: IARPA N2N,509237.08599299303,488328.516,410079.2,591777.2665,244869.78900000002,1130221.939,0,Intel Xeon Gold 6254,Ubuntu 20.04.3 LTS
Neurotechnology+0006,compare,Overall,5177.896911918138,4095.5930000000003,2697.663,6190.86625,120.405,1313636.577,0,Intel Xeon Gold 6254,Ubuntu 20.04.3 LTS
Neurotechnology+0006,compare,Timing Sample: AZ,7891.9804015,6748.3730000000005,5345.474,8980.1235,412.669,686279.648,0,Intel Xeon Gold 6254,Ubuntu 20.04.3 LTS
Neurotechnology+0006,compare,Timing Sample: DHS 2,3721.3365785,2811.8135,1912.70975,3538.69575,915.538,1313636.577,0,Intel Xeon Gold 6254,Ubuntu 20.04.3 LTS
Neurotechnology+0006,compare,Timing Sample: LA County,5256.934985000001,4231.2155,3552.16375,5635.88025,1970.635,655520.578,0,Intel Xeon Gold 6254,Ubuntu 20.04.3 LTS
Neurotechnology+0006,compare,Timing Sample: POE+BVA,2538.2258545,2203.2515,1601.26925,2562.40925,120.405,638673.363,0,Intel Xeon Gold 6254,Ubuntu 20.04.3 LTS
Neurotechnology+0006,compare,Timing Sample: IARPA N2N,6502.195517784553,5718.7405,4411.218,7359.701,2113.85,644088.162,0,Intel Xeon Gold 6254,Ubuntu 20.04.3 LTS
Neurotechnology+0011,create,Overall,263265.77786298946,233876.037,167969.665,341248.05100000004,96483.84,1259783.2820000001,0,Intel Xeon Gold 6254,Ubuntu 20.04.3 LTS
Neurotechnology+0011,create,Timing Sample: AZ,388070.0732433334,384736.428,341130.11275000003,433790.56575,119884.304,1259783.2820000001,0,Intel Xeon Gold 6254,Ubuntu 20.04.3 LTS
Neurotechnology+0011,create,Timing Sample: DHS 2,175041.68210533334,167690.3895,159619.06575,194601.23825,134493.239,719691.167,0,Intel Xeon Gold 6254,Ubuntu 20.04.3 LTS
Neurotechnology+0011,create,Timing Sample: LA County,296415.4156,294816.4745,259056.64325,331486.277,118047.08200000001,1082479.58,0,Intel Xeon Gold 6254,Ubuntu 20.04.3 LTS
Neurotechnology+0011,create,Timing Sample: POE+BVA,168062.782958,165465.9485,156247.4565,179168.48575,96483.84,693095.5920000001,0,Intel Xeon Gold 6254,Ubuntu 20.04.3 LTS
Neurotechnology+0011,create,Timing Sample: IARPA N2N,339761.7464674675,330052.43700000003,260533.209,403346.2695,162139.75,1020526.3840000001,0,Intel Xeon Gold 6254,Ubuntu 20.04.3 LTS
Neurotechnology+0011,compare,Overall,3131.6890567817013,2112.834,1164.36325,3461.3195,250.186,1084349.856,0,Intel Xeon Gold 6254,Ubuntu 20.04.3 LTS
Neurotechnology+0011,compare,Timing Sample: AZ,4944.054527,3901.55,2940.85025,5218.38275,1379.423,1084349.856,0,Intel Xeon Gold 6254,Ubuntu 20.04.3 LTS
Neurotechnology+0011,compare,Timing Sample: DHS 2,1671.467658,1087.17,924.9300000000001,1264.36125,687.274,1042966.338,0,Intel Xeon Gold 6254,Ubuntu 20.04.3 LTS
Neurotechnology+0011,compare,Timing Sample: LA County,3396.4736645,2507.4355,1887.743,3384.93575,1003.491,1036835.284,0,Intel Xeon Gold 6254,Ubuntu 20.04.3 LTS
Neurotechnology+0011,compare,Timing Sample: POE+BVA,1699.708237,1089.0620000000001,951.291,1256.54425,250.186,1036311.385,0,Intel Xeon Gold 6254,Ubuntu 20.04.3 LTS
Neurotechnology+0011,compare,Timing Sample: IARPA N2N,3959.9940777439024,3184.7000000000003,2430.9785,4117.43275,1172.097,1038015.179,0,Intel Xeon Gold 6254,Ubuntu 20.04.3 LTS
omnigarde+0001,create,Overall,353922.6237604431,328267.786,149695.535,611885.48,132418.291,685838.859,0,Intel Xeon Gold 6254,Ubuntu 20.04.3 LTS
omnigarde+0001,create,Timing Sample: AZ,634622.4008350001,633987.792,627797.3725,640643.014,590421.53,685838.859,0,Intel Xeon Gold 6254,Ubuntu 20.04.3 LTS
omnigarde+0001,create,Timing Sample: DHS 2,147222.0251166667,147903.2915,145429.651,149800.4485,132418.291,167866.541,0,Intel Xeon Gold 6254,Ubuntu 20.04.3 LTS
omnigarde+0001,create,Timing Sample: LA County,363461.9383016667,335828.4875,330241.41625,422446.688,289935.265,450937.103,0,Intel Xeon Gold 6254,Ubuntu 20.04.3 LTS
omnigarde+0001,create,Timing Sample: POE+BVA,187148.29496533333,151648.501,148769.1455,259893.73025,136987.371,296171.392,0,Intel Xeon Gold 6254,Ubuntu 20.04.3 LTS
omnigarde+0001,create,Timing Sample: IARPA N2N,603880.0886946947,603735.505,593338.2635,612500.3845,569030.154,666414.08,0,Intel Xeon Gold 6254,Ubuntu 20.04.3 LTS
omnigarde+0001,compare,Overall,8434.169085172553,6150.851000000001,2414.43975,11500.78775,3.078,79250.614,0,Intel Xeon Gold 6254,Ubuntu 20.04.3 LTS
omnigarde+0001,compare,Timing Sample: AZ,18934.5068085,16772.24,12585.687750000001,23424.583,2196.185,79250.614,0,Intel Xeon Gold 6254,Ubuntu 20.04.3 LTS
omnigarde+0001,compare,Timing Sample: DHS 2,2339.0599555000003,2090.5945,1575.15225,2798.6240000000003,3.078,9883.529,0,Intel Xeon Gold 6254,Ubuntu 20.04.3 LTS
omnigarde+0001,compare,Timing Sample: LA County,8280.978356,7600.384,5933.6525,9963.89125,4.502,26300.259000000002,0,Intel Xeon Gold 6254,Ubuntu 20.04.3 LTS
omnigarde+0001,compare,Timing Sample: POE+BVA,2488.8470555,2064.1245,1503.91725,3116.66725,146.11,16382.616,0,Intel Xeon Gold 6254,Ubuntu 20.04.3 LTS
omnigarde+0001,compare,Timing Sample: IARPA N2N,10154.986326219512,8869.037,6339.87925,12113.0615,1164.922,60623.618,0,Intel Xeon Gold 6254,Ubuntu 20.04.3 LTS
rankone+0001,create,Overall,192878.89368087894,191422.643,165698.37775,225292.47650000002,160970.78100000002,362727.718,29,Intel Xeon Gold 6254,Ubuntu 20.04.3 LTS
rankone+0001,create,Timing Sample: AZ,229435.16377225742,229402.568,228101.6635,230645.4785,223727.852,351688.965,1,Intel Xeon Gold 6254,Ubuntu 20.04.3 LTS
rankone+0001,create,Timing Sample: DHS 2,164571.83269502354,164467.7005,163760.89025,165207.736,160970.78100000002,280834.82,26,Intel Xeon Gold 6254,Ubuntu 20.04.3 LTS
rankone+0001,create,Timing Sample: LA County,196501.2396160774,193324.807,191894.20575,203377.158,186835.95,326760.623,2,Intel Xeon Gold 6254,Ubuntu 20.04.3 LTS
rankone+0001,create,Timing Sample: POE+BVA,170315.7462976667,167026.21050000002,165813.392,177754.5905,161421.272,300423.451,0,Intel Xeon Gold 6254,Ubuntu 20.04.3 LTS
rankone+0001,create,Timing Sample: IARPA N2N,224292.90209309311,223746.632,222088.753,225373.649,217131.491,362727.718,0,Intel Xeon Gold 6254,Ubuntu 20.04.3 LTS
rankone+0001,compare,Overall,0.5654880617977528,0.49,0.405,0.5720000000000001,0.18,93.018,0,Intel Xeon Gold 6254,Ubuntu 20.04.3 LTS
rankone+0001,compare,Timing Sample: AZ,0.613383,0.5730000000000001,0.446,0.603,0.292,86.653,0,Intel Xeon Gold 6254,Ubuntu 20.04.3 LTS
rankone+0001,compare,Timing Sample: DHS 2,0.5871245,0.5145,0.422,0.594,0.18,93.018,0,Intel Xeon Gold 6254,Ubuntu 20.04.3 LTS
rankone+0001,compare,Timing Sample: LA County,0.520564,0.449,0.368,0.508,0.222,90.409,0,Intel Xeon Gold 6254,Ubuntu 20.04.3 LTS
rankone+0001,compare,Timing Sample: POE+BVA,0.5177635,0.434,0.35475,0.499,0.263,87.169,0,Intel Xeon Gold 6254,Ubuntu 20.04.3 LTS
rankone+0001,compare,Timing Sample: IARPA N2N,0.5889811991869919,0.525,0.467,0.561,0.275,87.59700000000001,0,Intel Xeon Gold 6254,Ubuntu 20.04.3 LTS
roc+0003,create,Overall,429855.0599453804,426846.886,353669.949,499961.90150000004,244475.149,1620659.764,0,Intel Xeon Gold 6254,Ubuntu 20.04.3 LTS
roc+0003,create,Timing Sample: AZ,522860.3526226667,520767.4925,499491.46225,544144.7042500001,376666.734,704385.9940000001,0,Intel Xeon Gold 6254,Ubuntu 20.04.3 LTS
roc+0003,create,Timing Sample: DHS 2,343586.4349823334,343719.5135,329164.3055,359477.52675,244475.149,572805.669,0,Intel Xeon Gold 6254,Ubuntu 20.04.3 LTS
roc+0003,create,Timing Sample: LA County,456442.957158,454787.32050000003,432835.6035,478350.19925,268548.17,1620659.764,0,Intel Xeon Gold 6254,Ubuntu 20.04.3 LTS
roc+0003,create,Timing Sample: POE+BVA,364850.69096966664,360607.72500000003,340176.02575000003,385486.91025,256658.601,533252.143,0,Intel Xeon Gold 6254,Ubuntu 20.04.3 LTS
roc+0003,create,Timing Sample: IARPA N2N,524989.6066386387,524868.83,492275.9485,556947.1715,319632.668,841259.344,0,Intel Xeon Gold 6254,Ubuntu 20.04.3 LTS
roc+0003,compare,Overall,2363.625984550562,0.558,0.36,0.744,0.129,1673115.777,0,Intel Xeon Gold 6254,Ubuntu 20.04.3 LTS
roc+0003,compare,Timing Sample: AZ,799.6518835,0.798,0.588,1.24875,0.224,1597070.412,0,Intel Xeon Gold 6254,Ubuntu 20.04.3 LTS
roc+0003,compare,Timing Sample: DHS 2,4537.8378,0.562,0.386,0.652,0.14400000000000002,1612535.5320000001,0,Intel Xeon Gold 6254,Ubuntu 20.04.3 LTS
roc+0003,compare,Timing Sample: LA County,2028.879251,0.673,0.481,0.767,0.14300000000000002,1673115.777,0,Intel Xeon Gold 6254,Ubuntu 20.04.3 LTS
roc+0003,compare,Timing Sample: POE+BVA,2500.9708375,0.463,0.306,0.673,0.138,1609571.538,0,Intel Xeon Gold 6254,Ubuntu 20.04.3 LTS
roc+0003,compare,Timing Sample: IARPA N2N,1944.0773729674797,0.339,0.20500000000000002,0.52525,0.129,1602868.67,0,Intel Xeon Gold 6254,Ubuntu 20.04.3 LTS
roc+0005,create,Overall,347497.669190304,345917.701,306913.02400000003,384682.8395,235208.848,656646.579,4,Intel Xeon Gold 6254,Ubuntu 20.04.3 LTS
roc+0005,create,Timing Sample: AZ,395872.253187,394438.778,381315.912,409633.3355,289083.529,562629.386,0,Intel Xeon Gold 6254,Ubuntu 20.04.3 LTS
roc+0005,create,Timing Sample: DHS 2,300668.6755355355,300816.446,290787.207,311266.103,235208.848,482284.98600000003,3,Intel Xeon Gold 6254,Ubuntu 20.04.3 LTS
roc+0005,create,Timing Sample: LA County,364665.6949016339,364082.188,349972.0575,378872.2465,243567.51,549590.734,1,Intel Xeon Gold 6254,Ubuntu 20.04.3 LTS
roc+0005,create,Timing Sample: POE+BVA,312507.34581333335,310696.88300000003,298956.48825,324283.90225,245638.953,461541.462,0,Intel Xeon Gold 6254,Ubuntu 20.04.3 LTS
roc+0005,create,Timing Sample: IARPA N2N,396253.2277647648,395755.203,375691.184,416191.538,268667.18,656646.579,0,Intel Xeon Gold 6254,Ubuntu 20.04.3 LTS
roc+0005,compare,Overall,2963.6046885032106,0.598,0.378,0.744,0.136,1628011.376,0,Intel Xeon Gold 6254,Ubuntu 20.04.3 LTS
roc+0005,compare,Timing Sample: AZ,805.798509,0.734,0.57775,0.88325,0.212,1609932.46,0,Intel Xeon Gold 6254,Ubuntu 20.04.3 LTS
roc+0005,compare,Timing Sample: DHS 2,5344.161465,0.498,0.308,0.64825,0.14100000000000001,1611490.522,0,Intel Xeon Gold 6254,Ubuntu 20.04.3 LTS
roc+0005,compare,Timing Sample: LA County,3103.61365,0.63,0.455,0.706,0.16,1628011.376,0,Intel Xeon Gold 6254,Ubuntu 20.04.3 LTS
roc+0005,compare,Timing Sample: POE+BVA,2778.16358,0.713,0.5407500000000001,0.8,0.17500000000000002,1587107.189,0,Intel Xeon Gold 6254,Ubuntu 20.04.3 LTS
roc+0005,compare,Timing Sample: IARPA N2N,2783.403011686992,0.34850000000000003,0.211,0.5670000000000001,0.136,1598369.2650000001,0,Intel Xeon Gold 6254,Ubuntu 20.04.3 LTS
startek+0009,create,Overall,387639.44595738134,399119,249233,502544.5,99790,681080,0,Intel Xeon Gold 6140,CentOS Linux release 8.0.1905 (Core)
startek+0009,create,Timing Sample: AZ,545807.816,547643,508690.25,586161.5,255333,681080,0,Intel Xeon Gold 6140,CentOS Linux release 8.0.1905 (Core)
startek+0009,create,Timing Sample: DHS 2,242629.89333333334,244632.5,228438.5,259012.5,99790,338481,0,Intel Xeon Gold 6140,CentOS Linux release 8.0.1905 (Core)
startek+0009,create,Timing Sample: LA County,457441.0613333333,461588.5,429945.25,490872,228647,575898,0,Intel Xeon Gold 6140,CentOS Linux release 8.0.1905 (Core)
startek+0009,create,Timing Sample: POE+BVA,273460.68433333334,249067,228460.25,328285,150819.00000000003,468115,0,Intel Xeon Gold 6140,CentOS Linux release 8.0.1905 (Core)
startek+0009,create,Timing Sample: IARPA N2N,481388.1811811812,475905.00000000006,416982.5,540969,280944,680431,0,Intel Xeon Gold 6140,CentOS Linux release 8.0.1905 (Core)
startek+0009,compare,Overall,4855.60242776886,4331,1670,7378.25,0,16451,0,Intel Xeon Gold 6140,CentOS Linux release 8.0.1905 (Core)
startek+0009,compare,Timing Sample: AZ,7250.827499999999,6971.500000000001,5378.25,8965,1238,14477,0,Intel Xeon Gold 6140,CentOS Linux release 8.0.1905 (Core)
startek+0009,compare,Timing Sample: DHS 2,1617.027,1455,987,2150.5,0,6447,0,Intel Xeon Gold 6140,CentOS Linux release 8.0.1905 (Core)
startek+0009,compare,Timing Sample: LA County,7993.336499999999,7527,6192,10084.75,1532,16451,0,Intel Xeon Gold 6140,CentOS Linux release 8.0.1905 (Core)
startek+0009,compare,Timing Sample: POE+BVA,1530.759,1401.5,934.7500000000001,2020.5000000000002,288.00000000000006,6330,0,Intel Xeon Gold 6140,CentOS Linux release 8.0.1905 (Core)
startek+0009,compare,Timing Sample: IARPA N2N,5902.817581300814,5667,3645.7499999999995,7642,438,15003,0,Intel Xeon Gold 6140,CentOS Linux release 8.0.1905 (Core)
Tech5+0032,create,Overall,374302.50811600895,344819,232249.00000000003,478603,38226,1175365,0,Intel Xeon Gold 6140,CentOS Linux release 8.0.1905 (Core)
Tech5+0032,create,Timing Sample: AZ,587398.3130000001,573701,507947.50000000006,651654,87530,1175365,0,Intel Xeon Gold 6140,CentOS Linux release 8.0.1905 (Core)
Tech5+0032,create,Timing Sample: DHS 2,220891.17833333332,222765.5,206795.5,237822,53747,303243,0,Intel Xeon Gold 6140,CentOS Linux release 8.0.1905 (Core)
Tech5+0032,create,Timing Sample: LA County,392546.62566666666,387840.5,358592.75,422443.74999999994,38226,630174,0,Intel Xeon Gold 6140,CentOS Linux release 8.0.1905 (Core)
Tech5+0032,create,Timing Sample: POE+BVA,245879.58833333335,238782.5,217788.75,266290.24999999994,124108,438057,0,Intel Xeon Gold 6140,CentOS Linux release 8.0.1905 (Core)
Tech5+0032,create,Timing Sample: IARPA N2N,525937.1241241242,510556,416464.5,612786.5,252578,1057694,0,Intel Xeon Gold 6140,CentOS Linux release 8.0.1905 (Core)
Tech5+0032,compare,Overall,440.6533908507223,417,237.00000000000003,591,22,2266,0,Intel Xeon Gold 6140,CentOS Linux release 8.0.1905 (Core)
Tech5+0032,compare,Timing Sample: AZ,659.128,640,550,743.25,98,1591,0,Intel Xeon Gold 6140,CentOS Linux release 8.0.1905 (Core)
Tech5+0032,compare,Timing Sample: DHS 2,223.508,212,171,268,22,553,0,Intel Xeon Gold 6140,CentOS Linux release 8.0.1905 (Core)
Tech5+0032,compare,Timing Sample: LA County,444.6945,443,373,510,56,952.0000000000001,0,Intel Xeon Gold 6140,CentOS Linux release 8.0.1905 (Core)
Tech5+0032,compare,Timing Sample: POE+BVA,226.02949999999998,211,163,278.25,52.00000000000001,575.0000000000001,0,Intel Xeon Gold 6140,CentOS Linux release 8.0.1905 (Core)
Tech5+0032,compare,Timing Sample: IARPA N2N,653.3094512195122,610,504,750.25,217,2266,0,Intel Xeon Gold 6140,CentOS Linux release 8.0.1905 (Core)
Tech5+0046,create,Overall,375916.9397134395,345087.279,242034.5455,476131.1875,35721.090000000004,1144693.241,0,Intel Xeon Gold 6254,Ubuntu 20.04.3 LTS
Tech5+0046,create,Timing Sample: AZ,581500.0464366666,567550.4065,506334.813,642972.132,226009.872,1144693.241,0,Intel Xeon Gold 6254,Ubuntu 20.04.3 LTS
Tech5+0046,create,Timing Sample: DHS 2,231279.13457800003,233222.596,218648.8235,246577.25575,50259.691,310543.273,0,Intel Xeon Gold 6254,Ubuntu 20.04.3 LTS
Tech5+0046,create,Timing Sample: LA County,389575.31416566664,384307.01300000004,357053.84275,417360.5465,35721.090000000004,612694.727,0,Intel Xeon Gold 6254,Ubuntu 20.04.3 LTS
Tech5+0046,create,Timing Sample: POE+BVA,255304.27266666666,248928.418,229433.72875,273659.79850000003,144655.464,436390.067,0,Intel Xeon Gold 6254,Ubuntu 20.04.3 LTS
Tech5+0046,create,Timing Sample: IARPA N2N,514082.0778718719,500762.832,413611.059,589673.1225,268340.163,996799.694,0,Intel Xeon Gold 6254,Ubuntu 20.04.3 LTS
Tech5+0046,compare,Overall,339.05285965088285,7.118,1.627,600.5065,0.516,3821.27,0,Intel Xeon Gold 6254,Ubuntu 20.04.3 LTS
Tech5+0046,compare,Timing Sample: AZ,558.9444675000001,624.602,2.3135,977.3165,0.997,3083.38,0,Intel Xeon Gold 6254,Ubuntu 20.04.3 LTS
Tech5+0046,compare,Timing Sample: DHS 2,212.3549305,69.3895,1.55875,354.975,0.516,1517.8890000000001,0,Intel Xeon Gold 6254,Ubuntu 20.04.3 LTS
Tech5+0046,compare,Timing Sample: LA County,362.81631050000004,356.5365,1.733,629.94775,0.517,2218.696,0,Intel Xeon Gold 6254,Ubuntu 20.04.3 LTS
Tech5+0046,compare,Timing Sample: POE+BVA,215.3711255,152.8785,1.54575,361.91625,1.032,1847.096,0,Intel Xeon Gold 6254,Ubuntu 20.04.3 LTS
Tech5+0046,compare,Timing Sample: IARPA N2N,345.8868074186992,3.2525,1.375,672.791,0.966,3821.27,0,Intel Xeon Gold 6254,Ubuntu 20.04.3 LTS
Tech5+0047,create,Overall,294841.6107359028,292677.292,291203.0475,295064.3795,289516.69,363352.082,0,Intel Xeon Gold 6254,Ubuntu 20.04.3 LTS
Tech5+0047,create,Timing Sample: AZ,295509.7238306667,295281.315,294960.76975,295731.0115,294065.118,327631.32300000003,0,Intel Xeon Gold 6254,Ubuntu 20.04.3 LTS
Tech5+0047,create,Timing Sample: DHS 2,291446.2634913333,291204.408,291066.14975,291396.99325,290200.552,324754.444,0,Intel Xeon Gold 6254,Ubuntu 20.04.3 LTS
Tech5+0047,create,Timing Sample: LA County,293309.0691626667,292956.8325,292649.646,293566.26325,291966.503,327105.083,0,Intel Xeon Gold 6254,Ubuntu 20.04.3 LTS
Tech5+0047,create,Timing Sample: POE+BVA,291203.87676666665,290699.657,290433.00175,291697.06675,289516.69,324480.924,0,Intel Xeon Gold 6254,Ubuntu 20.04.3 LTS
Tech5+0047,create,Timing Sample: IARPA N2N,318557.8560580581,317810.178,317440.34,318395.0745,316710.434,363352.082,0,Intel Xeon Gold 6254,Ubuntu 20.04.3 LTS
Tech5+0047,compare,Overall,2.7214725120385235,3.228,1.728,3.373,0.98,77.033,0,Intel Xeon Gold 6254,Ubuntu 20.04.3 LTS
Tech5+0047,compare,Timing Sample: AZ,2.7021835000000003,3.208,1.741,3.337,0.988,74.916,0,Intel Xeon Gold 6254,Ubuntu 20.04.3 LTS
Tech5+0047,compare,Timing Sample: DHS 2,2.7483845000000002,3.2265,1.665,3.354,1.0090000000000001,76.67,0,Intel Xeon Gold 6254,Ubuntu 20.04.3 LTS
Tech5+0047,compare,Timing Sample: LA County,2.7281950000000004,3.2795,1.733,3.39525,0.982,77.033,0,Intel Xeon Gold 6254,Ubuntu 20.04.3 LTS
Tech5+0047,compare,Timing Sample: POE+BVA,2.6505,3.0775,1.669,3.35,0.98,76.133,0,Intel Xeon Gold 6254,Ubuntu 20.04.3 LTS
Tech5+0047,compare,Timing Sample: IARPA N2N,2.779020325203252,3.216,1.797,3.4370000000000003,1.0190000000000001,75.953,0,Intel Xeon Gold 6254,Ubuntu 20.04.3 LTS
ThalesCogent+0001,create,Overall,313514.54370643897,288460.471,230287.456,387102.4625,448.716,670021.3690000001,0,Intel Xeon Gold 6254,Ubuntu 20.04.3 LTS
ThalesCogent+0001,create,Timing Sample: AZ,411826.5333796667,406465.0765,365213.70375,454514.02875,251579.628,670021.3690000001,0,Intel Xeon Gold 6254,Ubuntu 20.04.3 LTS
ThalesCogent+0001,create,Timing Sample: DHS 2,231003.44526666668,233551.2915,220949.02375,242478.33675000002,170347.125,266565.387,0,Intel Xeon Gold 6254,Ubuntu 20.04.3 LTS
ThalesCogent+0001,create,Timing Sample: LA County,369149.218167,339794.782,307068.14225000003,446517.95775,448.716,547445.126,0,Intel Xeon Gold 6254,Ubuntu 20.04.3 LTS
ThalesCogent+0001,create,Timing Sample: POE+BVA,226450.83563,223399.38,214761.344,235354.413,165032.266,317609.265,0,Intel Xeon Gold 6254,Ubuntu 20.04.3 LTS
ThalesCogent+0001,create,Timing Sample: IARPA N2N,360445.9022122122,354816.943,310118.3925,398138.8445,232383.348,593016.833,0,Intel Xeon Gold 6254,Ubuntu 20.04.3 LTS
ThalesCogent+0001,compare,Overall,2.929841593097913,3.3325,1.7730000000000001,3.4130000000000003,1.3960000000000001,55.135,0,Intel Xeon Gold 6254,Ubuntu 20.04.3 LTS
ThalesCogent+0001,compare,Timing Sample: AZ,2.8789949999999997,3.2920000000000003,1.811,3.356,1.3960000000000001,50.421,0,Intel Xeon Gold 6254,Ubuntu 20.04.3 LTS
ThalesCogent+0001,compare,Timing Sample: DHS 2,2.892789,3.387,1.80125,3.472,1.474,43.410000000000004,0,Intel Xeon Gold 6254,Ubuntu 20.04.3 LTS
ThalesCogent+0001,compare,Timing Sample: LA County,3.2530414999999997,3.374,2.513,3.4907500000000002,1.492,55.135,0,Intel Xeon Gold 6254,Ubuntu 20.04.3 LTS
ThalesCogent+0001,compare,Timing Sample: POE+BVA,2.8590050000000002,3.337,1.754,3.3930000000000002,1.471,42.042,0,Intel Xeon Gold 6254,Ubuntu 20.04.3 LTS
ThalesCogent+0001,compare,Timing Sample: IARPA N2N,2.7627032520325203,3.3200000000000003,1.678,3.365,1.412,50.499,0,Intel Xeon Gold 6254,Ubuntu 20.04.3 LTS
tigerit+0004,create,Overall,471091.69856335106,462123.371,299481.631,612509.5245,116865.90000000001,1142667.148,0,Intel Xeon Gold 6254,Ubuntu 20.04.3 LTS
tigerit+0004,create,Timing Sample: AZ,716007.346029,709541.9695,657636.13075,768948.98175,382363.913,1084369.116,0,Intel Xeon Gold 6254,Ubuntu 20.04.3 LTS
tigerit+0004,create,Timing Sample: DHS 2,288041.05886299995,285969.384,263588.4765,311662.95900000003,116865.90000000001,423002.94,0,Intel Xeon Gold 6254,Ubuntu 20.04.3 LTS
tigerit+0004,create,Timing Sample: LA County,513923.80451833335,514230.4375,483165.43,547939.21175,134291.753,663425.946,0,Intel Xeon Gold 6254,Ubuntu 20.04.3 LTS
tigerit+0004,create,Timing Sample: POE+BVA,315494.41706166667,308244.78750000003,275256.909,350404.405,134957.05,507083.079,0,Intel Xeon Gold 6254,Ubuntu 20.04.3 LTS
tigerit+0004,create,Timing Sample: IARPA N2N,623945.0552642642,609084.564,520278.418,705168.0805,332255.006,1142667.148,0,Intel Xeon Gold 6254,Ubuntu 20.04.3 LTS
tigerit+0004,compare,Overall,8335.58773344703,7375.0155,3402.946,13149.803750000001,2.36,26142.226,0,Intel Xeon Gold 6254,Ubuntu 20.04.3 LTS
tigerit+0004,compare,Timing Sample: AZ,14355.439970000001,14282.695,12755.286750000001,15921.63975,3233.3920000000003,26142.226,0,Intel Xeon Gold 6254,Ubuntu 20.04.3 LTS
tigerit+0004,compare,Timing Sample: DHS 2,3076.3415005,3064.05,2429.5035000000003,3564.30525,585.465,11821.786,0,Intel Xeon Gold 6254,Ubuntu 20.04.3 LTS
tigerit+0004,compare,Timing Sample: LA County,8263.646938,7823.728,6283.96375,9896.75725,2.36,19851.260000000002,0,Intel Xeon Gold 6254,Ubuntu 20.04.3 LTS
tigerit+0004,compare,Timing Sample: POE+BVA,3421.8999440000002,3268.713,2697.01925,3938.977,891.124,13180.626,0,Intel Xeon Gold 6254,Ubuntu 20.04.3 LTS
tigerit+0004,compare,Timing Sample: IARPA N2N,12629.30986890244,13095.434000000001,10837.23725,14635.8105,3511.248,23718.755,0,Intel Xeon Gold 6254,Ubuntu 20.04.3 LTS
